image_id,best_train,visible_code_matches
02z4azk140h4d642ljha,4ifwgc2jk6v3ixl43zo9,10
04kdxq8ddhrbsu4rc320,6jexia132yhdv7adwr9f,7
05phhfjfef2xwb0whru2,9d6mtki02ajyf9uwmbj0,7
05x60eu5h5pvxrsv7b34,1e8qhbfirydqrvenmjq6,10
06u2k7eci6jji0jpp52g,8c3b1xx60gsqzizwy1kh,4
075bjvvrcntj0hp6r82m,3zcrfp7079peg6io7euc,10
077axgmfzssa4l1flfpk,1f6k0at5nfmhbj1a7gdo,4
07qii7yg6cj8g6hv3wms,7zyjg5vxwfkbgcibpq2c,13
0817d5iv7m0b1smi33sp,62gwr2gn43g28qyh2ip3,17
09xbslmpdtfjtfw0ta51,6lflr13f71yyxdayhs8m,16
0acqk36bnh1vbz8ltisp,1kc2jx4g0iki46ag5rmm,6
0axlt1106p2e4ipavi8r,0mmejcjev0o0x4ygkpb9,7
0fmarvdpajghxcoruz2k,3dr5rgj1xaf02idg7q0n,5
0fnu6wajf1t7l72b9w0x,2ox4r291tdcdwk93fb4m,6
0g6iid7vi6sp9ul4ibbn,9kehh0148ixu3bdv4rpg,7
0i7t527wj5ppa1hbp1vu,1mhpiuty87118ek4rwlf,6
0jhj1e6mu2anjqxj3559,5o6xna24zaopbckxo9dr,10
0lsopi4mp68xpkfnjqfg,1cvob2838n0nhtq2lfdi,18
0n7ku7bzqwzuc23vq6h8,3vnf1dk257im2mtovtry,14
0qpuxv3v5dgu1cglzb4v,9ku3u2yhwj9dwg5au159,10
0qwi8gpx7qscehjaiskg,8mjtrp7pfohszta3w3pu,5
0wpmef041oswna95smq7,3up3sem701trdm80kexk,8
0wq173gumurg033s23bl,96s8fkkv75drhniujy8w,12
0xo9jpenn1158n5acgxg,94cfa583qc2brdm7rm8b,7
0xunyycu8i6fgt29vw2r,58lsjf1nppuwj2uyp9ls,9
0yzbldr5ex0n9wt471ph,8rkcoez4e1g6e5l8gqk9,6
105lbrgbk0sinx7pn6m7,3hrlixeprzs70ok8ckzf,13
105vr6zj3egrh6kxp6lv,41ic8zwji3ga83tzzhyf,7
10b2i23c8h2sdk1bmtuz,6ug94c9md89hsdkfnq1u,5
10cem2kokhpq5mntvxco,1ouw7l2w24p2pp2zcipf,20
11hhhhend9qy4ff7skpf,53fuyz57njgruby5kxef,9
11zr3cxjdal1nfot3gck,73ob3wr3flt9ok6z6f7s,8
12cnmq7j99gtrlwtlnie,0jtft5h2galo4w7ja09k,10
13bb03iqkd7it9v0p7cr,5cmwk199fdc74ydoh2lc,4
15g25g8hyze89cmd1mer,3lp6bvogkiw0b778ri7y,11
18vds3slhsz776z5266y,7iq2xnmqd6s6tk6e2a8i,8
18yqlefo3pafkfwj8hz8,2b69ggjszrn69msacl8s,4
190e0oiv7wbicky0o36n,2ais2k1y93ajjvjm0ba4,5
1a0y54jo0pjo3dpjevah,3dnncm6yckbyi686fcg3,7
1al8zp9vpiw8gj0rken8,0h7npi3rtlb744cv1ywt,7
1axuxgdje2aultq4lhnp,1nlnssbt00ve9m0v3hiw,12
1cjt1ak7y8hxyc7ehb88,3n4g9kkp9xtloir4xypy,8
1e6asxsstgoj8bmilepz,2txor638umvtfh0x7bei,11
1f1exqfn5agf2ryibij7,1lau3noxv2ble8lixtq5,4
1fik9ggu3z5w8u49do04,1mhpiuty87118ek4rwlf,6
1h2jk3rmzygu8ajln5lg,62gwr2gn43g28qyh2ip3,20
1ieqn0omor6gi72iow0b,3e7zlmpohfenl2z7v3w1,10
1j1rl7v4mxovucgrim27,3683a2y9qqa8mdg5zdvr,17
1j3vj87b5yw0yr7s5qvi,6253f0zs9uti3mywpe74,15
1jint5fucf1ebsslijwb,1o3kq2ejgul5q4ei6cvu,6
1kjhut0f246h7l0b8lmi,7izmimj61sskixix818n,14
1kntbd56e4tonhpwca8c,1qz5qzxoercffnr8bud7,11
1lorsrv87ldtdq95sgca,1x0yc9eae9gazg6yjxjc,15
1lwohwllh4trkvo7w3ra,7nfcfjg6hpzjci11ph5g,14
1lz3oxrxdkrxpayvfxbo,2n3fyjyw9iov7bhaq0dh,5
1mm79hijctneabec5f7t,8mw3fg0okij3xetlozj8,13
1n6y4kb724uzpp6xku1x,0xb5bz0x0zly8a3uzksr,17
1og9ytmm8stj4m849zsg,1wcayjd1xiw8kfho01fk,9
1owojt7r1loka1jwjiw1,4uv1f4y9038ht1kubl4v,7
1pui5qihpp9laql3oz8e,2gv89eoe0u0hhx5rywgp,4
1u3lewon8irqyqt2cbdu,01l4wvtsw01ddjt3lm59,4
1vgbkfivp4rswacplpkr,5birpnjak5aan4n082kl,6
1w9s7ngh329cledpdpwm,3vnf1dk257im2mtovtry,12
1xvsd28ubxmlvi3u0hkl,1ouw7l2w24p2pp2zcipf,11
20ws11isuz8jdzylseha,9apa4i7fblxax6j9dru5,11
2175h0o793j2owu0zczj,65y6c44jv9j1tckwblnq,10
21mv75bckqu926gc5b52,4bzj5myau047y2jakjyv,5
221yl4yw59yl423sh2p7,9gyiz5dpradpo0odp9qm,8
2878rb3g5mzdb972oe7p,42vhyz04501ftx3josf5,11
2dwpuumv78jos2sqg7fe,5p03rxgjiywvpio76l09,8
2fibeudj3lnczjt38kba,0a1fblyulmy1r47blcpz,14
2hjiqc9qupl7mbgjq5h9,4zxu19z09iw9s6457fzl,10
2hx1i3mosfbage3dmm0k,2qh229al8a7ett0p7vya,15
2jggm4wr9c0aool6tzyl,4py2sg6qo10i3cqa7zsr,13
2jw8udwmrq4capdbx7ow,4n91cx0m5iov4eryy3x3,5
2l8qsta9e3cueata8049,1axixsljlzljtdd8zbm7,13
2lf4p0vqohgdmqgmmi8q,5shn8oblppok9q2luloa,19
2mcnp4aguz7pg54i2cou,1awh64z3bmcpv4xathn7,4
2ncab5pw5p572nwse1ce,2ohnhowuw4lio3vttpt7,10
2oy9rsapzyrs1sed04h5,1y9qh1ixk1c3tw253iih,8
2q421ltzizz1bjh0m3y3,0h7npi3rtlb744cv1ywt,10
2q83sbf5ruve2ku5g4gq,92ry6ias7g64656eoxqm,11
2t4jkzuuq2xjzkzwecw5,14zjulafpt508y4u7mb5,3
2tnrcannqyxj489z3og9,1tptxb6ko51i2vyi2l5z,12
2w13vy99vczsyel4fg62,2lb35n09063rvm8wisor,13
2ww4laxafnw73na0s39w,4e7c31trntnui8ddncgd,11
2wxzra75u3105jvo3kkn,60kyj5y1lfgofcmv0xt6,15
2z2unz7dswa8n5byx1yo,84jl8pmm6tv8owfixoxj,7
30xud234e9xanod5mpga,3up3sem701trdm80kexk,12
31eas8sk6c0mrrbpvd9y,6cvqq8nqpnfsqu1hv8e1,5
31x5vtjffbkkq8yg92zh,5my5616uyvfw2oghqqkr,10
34b7eakpc8w59vi71jr3,8k1baalzs8k8k5e8ug3j,7
385ib275fynutts72wmq,61t0dks9u1hqxzrhwvo3,7
38osyse5pg25zb2npjj6,17mh27wxbhpqla8yx6z0,15
3bke1jbcnrc9mvjcvg1k,014d51nye9lz2b5cqs7g,3
3bo22881ve7lv7dzwz6o,1uxtp9gjvq133vd6r1ek,9
3cenc7icn1pu2d3vueyi,2jltaxelv1uges9x4r4x,10
3cnw6s1yf2lud9ymx8x9,8mjtrp7pfohszta3w3pu,6
3cqr3j3h46uv4uc53fgd,8mjtrp7pfohszta3w3pu,8
3cz189dtak7z8fnjype9,8gqwhhtpw5flad4keze2,11
3dk4mijt56z2h8bs603c,0wsyc52rsyelewsaepn4,10
3hrkdwvh9q19finy8ca4,6x34voyjb0xw3v0vpidh,17
3i67rlmdufxj24mxqdmg,2n2chztmkoacbb6cubnv,5
3kl26bonmbqigx2hxm72,0h1afieplndzcqrmvjl0,9
3lj0o7361705m4owkezk,7jgayyay0eq4eoorp150,11
3mh2qztyfqhjn5cz8tbm,0skrkxd7m2tpan91yt22,8
3n92b8vpfxcrcqs4zv5r,3owoug21zmcce628ktec,7
3oomlc9ecacb0gnkhg9z,40aoj51wrfemk2gqld1g,7
3qeo6hvoocfv9i6ecn7f,84ojngxlxka3bsb1v2j5,7
3taji7912c7778ro21mm,079v5crgwcjlehd247fj,8
3w8ac3wx29i2g2x6ngbd,3un5unnt543fq62obruh,6
3x2ilpll7ydha5hlcl33,1q3rff4wjqwk26jtjz4q,16
3y869q4zglfmo62fwkfs,1f28c5bnz4munz8mtp5m,5
3ya628u7mnqpwrujxqkg,4znu396znd6lugks0tf6,13
3zhw6ihshy9c0y7vvy0b,0zjh2olv8s0m37br0d4y,9
3zupd1p0y7tsih42evu9,5c3z80m51dn7w85b478x,4
401tu1x1a1hjifwt2snv,16idu7j3gfk89od1o96q,11
40xf2qjrwpt0gw5nmsg7,0hxdxzeyuhnpkosdqpcw,12
41pjl3a2xep3fff381yc,1y9qh1ixk1c3tw253iih,8
44gi2zmgl5k8d05m03i7,0cpg1qdxjfpizc80x2kc,11
44umnjln8jgps36ikqou,9ccvnsqaeye8szngcaw8,18
45xohsd2lck2z87ipcwl,9d6mtki02ajyf9uwmbj0,11
46xeyd3wkvvw8ccdg3c4,5rwm2o7qnubmm6k69dnm,9
4cywk7aaa361fov7nuus,5dlchqkt9zo3573ak303,16
4dfwe10a22muyn2z5cpt,0h7npi3rtlb744cv1ywt,13
4fmqt840m71oi0j2na6g,1aggakiocw413fyduv8r,8
4h34s4jt86y3ghjrd1zx,0i4o9h4rpayjvig3l1jb,10
4hwvlbthbzgoqely1n77,56gn0yw0ej5ez5zxi8wg,6
4katkjl9o379mau6dgce,92ec3oocdkd4szaw7ugd,13
4m3iezzvvi6dmn93g4b9,4fkkz2a30m6qm1b4gch6,10
4n6mh3n810k5itva696t,5jwlsb37l8z2o030xm9w,9
4o8tux8yn1f8850enn0l,40aoj51wrfemk2gqld1g,10
4omag7ba9ml4tkrl8or2,3me1kqmya59o5ablk50q,6
4q9usw4oz2jlqnx1e00k,15uh7qi9bghaxt77buw9,5
4qhiy9rhb16qvgtds453,3qtmijiprxhjbmbcmeg8,6
4sa7zewp9o7wuollyqk9,9d6mtki02ajyf9uwmbj0,8
4t2w5xk120n42b7zh80b,5fiyjofykajstzueyx9u,6
4tdaqe491skdoyk7tvuu,2nuidtl7h8la8hhhk0ji,9
4vjesk5oqy9imfug41vz,34ipqom79r7wk5z3b9hs,7
4w5bizoulfurpbhwie1j,345ytvvxi0ttd8jbvygg,17
4wsjy6n02ltmiu1sakej,6oqr5h29ya5xbr5rxwm4,13
4xlg1tnpfqzuwj52a5fp,1x0yc9eae9gazg6yjxjc,16
4xm4wcx7fh3dvoqst9pa,1404apobq0eeciawdjha,13
4zghuf4slwx00ag4h230,5mzr6iweb3dacyzrw4yh,12
51ankbn600veouqz9zkb,946pd5niyv8i05lf0zn2,12
51lt872g5php4383i4xr,33pi9t99ch7gtpytrqrs,8
51rw055pper2g2a3u4ri,62gwr2gn43g28qyh2ip3,17
542uabs9r8s0w2v6omsh,2qcd3081hur59z9gjy8d,6
546o8e4f3dsdubcu0j1u,3dnncm6yckbyi686fcg3,13
556npvv3nu488q4ssr42,5c3z80m51dn7w85b478x,5
56c73yescmtts5x7qavf,15rwbriye4pzy9l1njjm,8
58x35dh8vpdi2pwxf2ux,5kcr8yp8nhkj4utzswl4,5
59ut5grks95o66c2bwh0,9f75pnoswiidvtzolzfk,7
5axjbu3rkx4r93rak49t,1axixsljlzljtdd8zbm7,8
5cbcjhn006qsr9johm9i,3ubyu4izqwca9mpxw7it,11
5e27rnl0jvru4mh5bycj,2njjx3agldo3mcv1qdi3,11
5h61qquj7ketzfuz8j7l,5l95j0dju09iiy0pa0yu,6
5hj4n2zuxoipivyz36ef,0cpg1qdxjfpizc80x2kc,6
5htapfs3395wu0re0yha,9jum6aagrsbdezje3k4x,23
5iow46wnnrla99kpyc58,1nlnssbt00ve9m0v3hiw,15
5kc7h5ylp4occnixr358,7g9p51wc6uiypjj5jp1i,17
5kn6347vv60nsem9iuxv,1mzlhfzv3195pis9hzu6,7
5lxtgztsyyyq199mm0eb,6oqr5h29ya5xbr5rxwm4,9
5n0nn7fihvk14v6wu2c7,0e7o73ewyi3k0siol64x,6
5opbrwafbgny0bpwsw6o,48gd7rcpqaxtrgv0bw7h,7
5rv4aiiag6tjtjd99l4w,8mxlraerdwgd1yju19o5,8
5sblrqzuh3qr2h3r7wcg,3qk920splbpq6k27ve1i,5
5sirmjjsfjd2h3ty30m5,8v747s4v6ktngfb8bbu2,9
5tf4j0uzo1h144zen21v,1r5hoczxjaim5ldtsa2y,11
6149vzmqbmamgrgu3b7t,0dgkrbo6z3yed3clvtb6,5
63edga3ytjr7rctd4vly,2z6nkn0chqtvg890tfea,5
673vf8lhp3n0ikwdz0fb,5l95j0dju09iiy0pa0yu,6
6bcrrkjg50b0hl744lif,2xe2xmmk41vn1bz1clkj,9
6djbf8zwyuvzbd31max4,3k6y7e51qymloiu730tt,10
6fhbngk4g78z4364wae1,0ddh3oygqqe0c9683wu2,4
6g5gs2k6vnh4vrrx2tu0,3fqvydyu3at0h0ps9hu5,5
6h12hq48am19kf00145k,079v5crgwcjlehd247fj,18
6iazsw4p35lofy0jku3k,9atkczo410t6c7h0oef2,6
6icxd0s59l19pxgaqrp9,109su4kjhaofr6thh3x1,11
6j06ocbhwv6jxto5rlej,3hh6p3x2wo29yrcsk3zl,5
6kfjge4wf2lv1zunek1u,6x1fdgy7eet5oewz1teh,5
6knblu9j60n14vckoqne,3y45159a6n4w9refu91k,12
6m1n1h36dj8qn18oyvy9,0sgwh2pyqhzz74h3otgj,11
6mu69wubh5hosjs7ohvt,1ouw7l2w24p2pp2zcipf,15
6nkurs2re8lfns8btgzg,0iplpz8u9k66om3wo63w,9
6pxs25g59qie7pxktzfi,9f75pnoswiidvtzolzfk,10
6pzcv67yselaigp3pk9s,0uem6k0nmk535cd2uupr,7
6q50f7airtyt307gs2d0,8xh43r37vrptg5k0h7oe,6
6r6dxn8r530ch8g5pu0d,6c79q2gf75hg0v9qbygb,10
6rnxl4d17i5h6w4ftui7,4b7h6m0y4rh9vsdvxba8,9
6sh6p7hugj27fm4yj92j,8pb0i12aspuld0gr39hz,11
6tl859k9xi72jd9gtizq,9bbiy5ua7bu0uld792qh,13
6ua4s7yamyhbdmpt3y2z,9rgjgcbhy64mb551lhng,18
71wb0s8445ayoo99s5e1,1nvphtqqzgobu2n1gu6v,13
72mqtenqzm43te18sszb,2r5upb0rfty0ys14yf77,8
73mr6158g0ufbwuixe96,7lsr5b596wrbq9w2cezh,6
74fp12d2psxakm85vpoi,6fou7yu4z09mk4npmznh,5
74guqdmo6wa84nq9x4jg,4miu4e6mkmmfrnruuq3u,9
74i9ogzcj14q9vtdzrdn,8t30i753sobxyouyflza,7
763lfjvxvyrg605yellg,37ku8eq0oao0khzih6rl,8
76nmrh9nxonrfylyc0h2,0n0q5nl436za83qw2j0d,4
798y5w2fihom0zfh48jy,8107b016dsxmnjlzi4lk,11
7cacj6yesxs6o2nkhyq6,5a35zl4kp2g2p98bqdac,8
7em5229byvnvnc9bg9ow,15uh7qi9bghaxt77buw9,8
7f22ch42o24v8nocfdeo,37m0jwfy9xpdulppluhm,10
7fam6b05i85qlgl9cz9x,8t30i753sobxyouyflza,9
7g3fvm18cn96mxxos74r,74fxppbhijatrx0ux25s,10
7gct40wi227yb0ovkzxg,5lzoeg1dqbhl9aqcjwer,17
7j10ckgdivstm9js7fe7,42vhyz04501ftx3josf5,14
7k54n1twgu0o5rvnaoai,3dez203gjqi9uz3vod5w,9
7m2ab8t8m2rf6wgm505p,0e49vytkx3ecxp0gjoi4,11
7mzne6yrgkwqms6il8bu,1ouw7l2w24p2pp2zcipf,15
7o5vrat0gtgu6fp3mv5d,09p1r1wu5lh6ykdo50sc,13
7ry8zx4btlkyxjszantd,9nuwpwlq7w4n3u4736xf,5
7sqoed8uyik3j835r4jc,5knaasrbb5ca73jp1xe6,15
7u3mr4cc3n8hk01mpgvw,0py9lpsi7x07kcshs89i,12
7ve3vp95pwz7y304ipao,0plweevjlqyk1afkudhh,9
7vixklo33vll7v8pvj7n,1shnw15rvr2sr9nb2yzb,5
7vx55fvc1z37pf1x5mwo,9ucq222xfbyxm4bxuo3n,9
7x02jt5e2lcw1serkn9h,4py2sg6qo10i3cqa7zsr,9
7xxzylk4mako65883jr3,92lce5w5mzj3qq4y3mu5,7
7ylnzgqigkhqpl9djwyw,2lb35n09063rvm8wisor,11
7zf1dyxb5cjt19kav8j5,4xjct0h87obwcxaachqn,9
8015izvprf9az8wjahco,0h7npi3rtlb744cv1ywt,13
806oonq6u13tmyo4n6su,4e7c31trntnui8ddncgd,11
80l5gx51c37m7uxuw2k6,09imcg8otismuqfq9fnn,8
83e7xh3j2kg8zvpn08yx,109su4kjhaofr6thh3x1,14
87663yr8lox0si7wve3t,07svnbz26y8gsid84dhw,5
89fgivetzwp291buyzze,949b92c5vgfc9ua8u5hy,7
8ay1iw5odi1o3s8jmrdw,30403dvjyneiyqw6kuxl,8
8hri61byftm7pktaju1l,27esq443ylulgk0da9ri,12
8hx8rrdjp9gnrpti3h44,6zvhnro2sb8qdwf6150r,6
8j7g2o9eac5kafvgnsji,1yh3afis98q32yj5lnlj,11
8jwboylil2z9w4earzqc,3lp6bvogkiw0b778ri7y,12
8k8g4v1onucgrj4s8v4f,60kyj5y1lfgofcmv0xt6,11
8kku0h3dr2sj2q8vqgs7,079v5crgwcjlehd247fj,9
8ncnlh9jd4qv2dx52t45,3owoug21zmcce628ktec,5
8o1wsc366koke6757esz,5iuizlo166x1osfkdhs3,10
8stdnu58w7j8dyj194l5,8wzbg135g6bvbmwkubj2,4
8tbww7ntn1hqxxu02g1m,948nwy02xzvbkqrt7i5u,13
8trdzg3poy8s7s1hu4hw,5vhxvkj668yw3vveaske,8
8uyfybawcom88gkd8jkt,1qz5qzxoercffnr8bud7,16
8v6youph11oga3237jcj,78fpuqmkznx60qmcw2of,7
8x6h6f5aavri9mjgcqcr,027c433rmceadrngbm26,18
8xkjn496a14ojf89o3ql,14xg0945obxjf8bt1d0h,14
8yu5f66m9z2qt7vo3msi,16idu7j3gfk89od1o96q,15
8yut32m8o5ff7fa25u8a,3864n6ttpq3bqe77p1ms,8
91cnomofe0glzmnje4tx,6kwbgf35nj05e1stoi0q,10
91u7ga2ca3fysqit1hfx,3k6y7e51qymloiu730tt,11
92yv5cg1rd9i78jmpv4c,9q6u341xhdkfyx8zxdem,6
93vxzdncs8vsgpql8428,3ouxak4t07szwcj0vwvd,8
941m2ieckrkl35e2z08v,7y4psdagtcmb72gfjcxy,12
9490wbs7xvqsvxp11nrx,6paa72axlrkj4uv4wwr9,7
9703skew0leurczrmmtr,0oyk2u8vocb7io5xzs1t,7
97nrstupeolytfie6uov,948nwy02xzvbkqrt7i5u,16
98gq88iiqc9hwpvecfrn,13co09ggizilp6v9lsot,4
98ipo422uzrubdj3kfnq,2onf2etkluiech4go10p,16
9a9qpzxwbigj1ca015qd,8lukp8c6r89p7fja4i3v,8
9bd13e1ipuf1mv07x8kl,1nal5hgwdwfqjfajp9dn,3
9e6xdgk013odvroivqnt,9bbiy5ua7bu0uld792qh,13
9hfph17q589f047cjg5u,4h7k9673emuql8g8dpkz,12
9hhe2xc9zom4wdid60ym,5shn8oblppok9q2luloa,24
9i5g9dckncusnyl8dcx8,6qcn0g6zqu3drh8492ku,10
9j4u3wvdde7fdkg2tuqn,16idu7j3gfk89od1o96q,7
9juji2eqysai09fkv0qe,09p1r1wu5lh6ykdo50sc,12
9k8x0tp37gyuv7kug8j6,8mp7yehzsmeiox9gprdu,5
9lo11k3zsd4up08sdrbp,0wt5vj7xkbnzcdu6gqf8,6
9msusj9jv9m3limxh8om,9bbiy5ua7bu0uld792qh,9
9p6efhac3zq0mh6q7yst,3lrxwz9afpji8y6f4ey5,8
9r77xnmaoqbuzavjjban,0ivymtf26q6x16mmnozi,5
9xw465ic7xrtt7a1qv84,704wroa8tidvtxlxm4yk,7
9zqyq5mar9kwjm28fo7h,0k57lwmm8skai7yknmli,8
a3bt2q32ekarhn5ag4xi,6zgdkwwnify2h4otc8ax,8
a3w0hgr82x6a15hb3thw,1ouw7l2w24p2pp2zcipf,13
a45jag3itu39ymzhyvk9,76d9uqxedfzpzpl8kasy,11
a45ppbbhsixw50xjd8fx,961ypddzvz0p4niybtdc,12
a5ehr23h34m568d1f7m4,3vpqhvesvfet2sjba733,6
a7g49ze7x08qgx3g1nmy,30sbryhw37ctpyi9jeka,8
a8hzy6ri0c9k6imusp1h,55d49s70gzdirky4j6x4,5
a97clg9fij13j26kzx6e,948nwy02xzvbkqrt7i5u,14
aaoqy1gxlwxomyh2fbkk,0fgy2firhbs57lw6du6l,5
abmisu0yjy8anmfsb0hz,109su4kjhaofr6thh3x1,13
adhsmhv13p0qbp7sdh2p,29i6kiluxwl00opvulcg,22
adltwnss49x3yfp0fmzu,2b0k8arr5uz3emfi3h7q,6
ae9lihmu569ofiar9jrx,7v4lt0i6a5ug1c03jtzw,8
aed200cdmvtw9hdpul28,4bx6uyt9mcvn1isii6qj,9
aerjsaowhyky6vqtee6x,948nwy02xzvbkqrt7i5u,10
ahmz5nsmjw8dn35kr59f,33h6bcrta3laifwlb26t,6
ai0vnp7o1kkmmaxsxu6m,5c3z80m51dn7w85b478x,5
akalqqjjju2ldd1eg7ur,6x1fdgy7eet5oewz1teh,5
akuwtfl862na2jkeaj2s,9v2aj1s8zn9kkwjwqxiq,6
an06cs66e29bn8t53kk6,3n4g9kkp9xtloir4xypy,9
aocc3jec6sra17fiyh11,0gesiklj1toy1dndwy0d,4
aq8r4xsxfrpb3p4v8o1f,01vbl45jor3qqxeeg86g,5
aqyn455s77n0bt09tmfy,62gwr2gn43g28qyh2ip3,13
atcxrn10wc8s6wv7ahtd,1q3rff4wjqwk26jtjz4q,16
aulzeuazecargxn00uej,31pq8k6f780zbuou521t,16
avuslxopd478wzdvjz9z,5ft310jm9m2wku5or17z,5
awdbs9lxw5hfyc9vbsq7,22j1om9s60v47y18g7g1,5
axh5eq159dpvssej4usf,7uz0oh2n77a7odxi2316,12
axpaktoeln3jlw5l6y50,027c433rmceadrngbm26,12
axyotq9ul3jl36lvl9h7,9218eph7gv8b7qsldh5y,10
b1j293yetcea750xc3q8,5kcr8yp8nhkj4utzswl4,5
b1pn3kgxm8s5b5f4koc9,1ouw7l2w24p2pp2zcipf,16
b3rmaq0si8j9cxf4zl8h,793a29e7rjny68xdsou1,7
b4sp7omy49dvgoq7nl3o,2n3fyjyw9iov7bhaq0dh,7
b50pdaypyu76h0gk6ifu,5shn8oblppok9q2luloa,27
b5oc00pvz4wfcg8hw9is,76d9uqxedfzpzpl8kasy,13
b6sqhf3fsrvc2yxygi0m,0ljnqwfnh8qn1vimc5ch,5
b7ixuy0hfhranrb3z58n,0awom6c66iv8sth2ifr3,5
ba5tt6nartt3px485yvr,2zo2wkicgp3xb91j6xoi,7
bacdxv7ex39hdj7u6yq2,6oqr5h29ya5xbr5rxwm4,13
bby1intqrmvi5upexvem,4omcta7fd0kpuy31p5ct,10
bdnxl7tbeb3xd7o41yz5,6lflr13f71yyxdayhs8m,12
beb34jxwi3ldpdj6p1kz,2x3iz1w20rl7xco8plks,8
ben48mmxd3xgyihvmqnp,2bm2cqftrxtfs6a7nh05,12
bfx98jhfhcmx3z2pcbq3,1odioc50ag9al28a0m96,10
bh5m46iwqgrrzy3nvr5a,0e49vytkx3ecxp0gjoi4,8
bhwpmou543jpp6ffff05,16lwoxy6phdzw9hsd6g6,11
bl2wbccbdunxhajihg6d,132cramefcj3wn975a4b,3
blgykg81kymzjn3f9855,29tto2f88kaw2cq2byr8,8
bn2a5smljm52vkljt3t5,42vhyz04501ftx3josf5,14
bnace3vwj709lyd8rlit,3ouxak4t07szwcj0vwvd,11
bngvc27k3wp6krwhbqx3,3owoug21zmcce628ktec,10
bnj1a7mu263q8gcl5fjx,9f75pnoswiidvtzolzfk,10
bo30s4e8pdej4xjvbjt1,3go8473jujgvc3dsu974,7
bptf7dhg27e6rjosnyk9,2r5upb0rfty0ys14yf77,8
bu8ox7percqgjdjcsqqa,3jc8p50s8ns88ffblagn,8
bvbrtvcygx1a82nbhay7,9d6mtki02ajyf9uwmbj0,6
bwaqj0ii3kwvcwr9lgld,0h7npi3rtlb744cv1ywt,12
bx0gyppwb8ninyt3xrzd,3j9kpwod0gfgb28e78od,9
bxm7vc96gyus6s1nhzww,6oqr5h29ya5xbr5rxwm4,14
bxpqw001sw6yy7ogyh32,54ibj4ciriaeg0uf4rmy,4
by5ho5impve6b27byoxa,9kc4mdeux9w64iab99ho,10
c1fkztskj8uyczlkc6y9,9wkumo35vn96byzrgyxk,5
c1gldphywraaw7f8rpg0,5gtnuj0duz6w5tkw8dto,7
c1ofjmx4cxpmp07wotks,7jrv6ae7w4md1qccmnvj,6
c3kwfhubelexixex4m7m,618mt8w569n8ab2wzh5j,8
c4bsljkdypmqe3o14n3f,9cc1i3qhx3hbxfe2mbas,10
c4oer3koitol1pikzrq7,2txor638umvtfh0x7bei,9
c9cid1kyuiol5kegg3df,3lrxwz9afpji8y6f4ey5,7
camqrf267j6qsauek75d,8h9zua6kgmuszfkcn98o,18
cc1f5jj5og5pldgjbxpq,2z1a0ntuy1jknzbrawms,8
ccyd93vz94ln68v3ur43,0su89xsy14m4dyzlbyry,5
cdck43jfnzwzj3yla8cf,60kyj5y1lfgofcmv0xt6,5
ce7eqyjg0qvquzpmtem2,16idu7j3gfk89od1o96q,14
cenlev9ngtbgne4hy66o,12n0c4876ei2oej0aswh,9
cf56ohwcltfre0lxsuyl,62gwr2gn43g28qyh2ip3,11
ck88thv7spzqsk7j4epf,5q19j9def8270kx31av3,8
cmi67hic4lf88bplyf8c,0xb5bz0x0zly8a3uzksr,10
co0vaazxvndrnxk5m07b,38qg2sk5r8rrr1imo1hh,9
co8n51ek5uzotphlbhxa,17mh27wxbhpqla8yx6z0,11
cq7r0n7brdyh96c11chr,0n3xh6oznz8cz758t3nj,6
crt2c3i3yvabb0cb5s6x,080dv655ux9a7nmmn5xg,11
cunlia2clbp2vu7m2j5y,5ypldwo2a4x7aew30197,18
cusbu2a3rgiifl3qc16g,1mzlhfzv3195pis9hzu6,5
cwqpvitlv2m0h86lj563,0hpzfbg3vbbhp86kvqjw,7
cy5ub0g85c7pkrm0r08i,2p8ci78f6h2g8s4p8ka1,13
d08ehdfn0p4ij8hdsus7,0rinipzn11x2rj6gjsaf,14
d10ew1fq06ccgej026gs,04o7jmkklxz06duf1qri,4
d12ibf5p4191n6nwfmh7,0te6o6nj4624kwvix52a,9
d1ryhn7cclmwpo82e7wm,30403dvjyneiyqw6kuxl,9
d23l1y9a0mxq1gfh4nwe,2g6psq6bjsi3hvozv7se,7
d2xbdo1r2b2xrjnn9wpo,1way1l4ktju8srte22rl,4
d3latqsdw462shvtd4l7,3qp3n6r8b3tf38nl8xmg,7
d3vh0xamkmqvb6vx1i9d,5jpo1prl5cd4lbe2nxo9,9
d4iyaakd1bha2nm7d4x0,4bx6uyt9mcvn1isii6qj,6
d8074h5h53olu00vn7ju,3683a2y9qqa8mdg5zdvr,14
da9ujoh70d8qiephmybu,2bm2cqftrxtfs6a7nh05,12
dboejpi3lgdau4ifx24j,6paa72axlrkj4uv4wwr9,4
dfoptdxh7mlgtwrqaiip,63k6a4wotd36m0aromm3,14
dhim2bjc40q699ku0r9p,6xgk95wip4rkorpcfg6p,10
djms569vtdgdmtf4csjo,2g6psq6bjsi3hvozv7se,12
dr4mtvus8yl2l7pfzmum,7wzm0w6j4iu2dctq0lj4,12
drft9a5k1rdzv634nnsu,8oprsskcqbg80fs18ct0,22
drptfi4g8bqel9amc9j9,3un5unnt543fq62obruh,7
drwrmx5n6btt1n2ac0p1,0cex2ufvzefo0bt5ws44,16
ds7xodns5jb6nibulibn,1iv5zr60uwvuz2aj1c4b,5
dsb1yfspkqgdptacztor,0yj10bgw1rs0rwf5hil9,3
dvlgri8sutvr02ri8nlj,7e50dy2ee4wromleakz1,9
dvrqlfom6ncfj6dm8qj0,2onf2etkluiech4go10p,13
dwgpqpmkmbz0e3nbl8x4,33pi9t99ch7gtpytrqrs,10
dwgrtw0gd26l1v962gz8,1kkhwlp3jplyd92foyf8,11
dwvtfkjhxbaienoaquwu,8107b016dsxmnjlzi4lk,15
dx8h73nzqvzgsbez3ojv,1404apobq0eeciawdjha,21
dyehp0fyl538g4eq6jbj,87a2fbwlpmnloe56o633,9
dzmwic6qmq2gnz071g4i,59ut72gb2dtvcz8fx4wj,22
e19p14miy71vi09w49ow,4sv6lktmd45ggo1sf00i,11
e1fbxr7turmovomawrrv,68ik15po5m8knq66dkop,9
e2i4u5q9mb4hkug6e133,8t30i753sobxyouyflza,7
e2pfal54vh1lh2o9o5e4,16x9xyd6vdk68igvll8l,6
e3x25eh1ena1wsf28429,22x7hxvk4i0jre7qb72b,8
e3x59b3sti4f5jykqyg2,3864n6ttpq3bqe77p1ms,6
e402hh3emspa8rakra9x,5y9n1vqsvz3iaxmy7z87,9
e4crlupzkv5t3wd2rdob,7jrv6ae7w4md1qccmnvj,5
e5vpxn37cwm9b2c52crv,8cukd19dp9z8prgk28ks,14
e6e3vlsk06zphomnub5y,017pvln73mrf65esdgdo,7
e6go6of8von1rha3awv4,0q2qqkpwfw1zvswbolkt,8
e6qph1bzsdxpdhr3i9to,8107b016dsxmnjlzi4lk,19
e6xmrpjks9mbr6wb44g5,5q19j9def8270kx31av3,10
e79qojfxf9ifk6g1nuzr,5uzmgv6pky8zod0hergd,8
e7itno5uvvme5li4t9in,7y4psdagtcmb72gfjcxy,16
e7jdy221egqf6xxukme4,6dejuthonwaaqss9w3l9,6
e8mv11evojs7msw0dgee,6oqr5h29ya5xbr5rxwm4,18
ea9k6a13yf8xwjq8s3tj,1l97yqlxtng2vojgq5h5,4
ecz23fie7142gebsj3ga,9itnttrrx2zuuyyappep,11
eeei5h8v9mlfir3ywcxl,1404apobq0eeciawdjha,11
ef47enm9qdvofltpvxn6,37y0pjv9xaitluvd69ck,13
eibzq13xzzb1yj9b5583,1aggakiocw413fyduv8r,4
eioy0rlos8hd03wtk0k0,6hug8n2i6st3bqdmseh8,6
emu95fzc32r404j2jc7k,135phhbhro7mzwdhn05e,5
eo10jcq3p5ige0730m11,1tco6almzruwyvzblv0g,14
eomr5xsnr1iihjkm0lxn,21gxjfrd6nesbinxm493,6
epuxvakq52uar82jxa4q,12h4lr3zxuagikpeo4pk,11
esk42v3v6nlhtql7zdm2,3up3sem701trdm80kexk,11
euf7pdicexfn8qt18s6y,4py2sg6qo10i3cqa7zsr,16
evwe6s7rc42wc9879ko6,618mt8w569n8ab2wzh5j,9
ewl3j2nu4jg31ws50tqf,7pp33uuil7luo9al7noc,9
ewr8l1n86gu1vzw16o2c,0ukklfgum3wpf3jvtr36,5
ex909cetcxguuwmgid1s,3cxp4tzdlqy6uasyifsx,8
exd8n3yykyw4ueghk3qc,1ouw7l2w24p2pp2zcipf,18
ey8gjt0vn0eegyz5m3v5,1cvob2838n0nhtq2lfdi,14
eyjssh3vrt6xg9oy0yog,7776otkvpipnunwt822f,12
f0l4wxckr3bdgtjgyoof,18hwtn5ze84y65eoao63,7
f2tdgort5xffjmdqg4iq,3vpqhvesvfet2sjba733,3
f3dtokrfg0sjp2vjg645,1vv87wpfdxcq01py51sx,7
f4wglihw96q8wpkg00qk,0qgkq9rvc8rokmnnret1,6
f5siudmkg0scko6febwd,1n7swx1yq6fju53wpnkd,10
f77hlef98l9bn7tst3tn,3oic8n0czm99c6jyiwhn,9
f9qswkl8ls9o0hu1dach,1pyl343b8erm1rmrc8au,8
fc8asvqab54bg585vvro,9ccvnsqaeye8szngcaw8,17
fcarmiml92vxr9lgi53t,131kbh3xmofo6m2gj9tt,4
fcmhwx3at3xaiq9bvag3,5vr6nirlm1u2k16jepwf,13
fct6indhdgy5ng7wncrt,6gkprcefczowzeo833xb,9
fdm9v4kou9bku99y8ph6,5lu53x64c0lcfth5q5py,5
fe19jiabxa5bqvj25c37,0c923cg0srz4u9aatbsv,9
femofjct4tnt28tls6ex,9gyiz5dpradpo0odp9qm,8
ffi7up3bbeg2zdtffbbl,1kvfc75y0209jcxvbm4e,7
fgmrog37rdnsc5mq87yw,62krrhoer9e2k14cf7om,9
fgsur23b5uxobgqbz1fz,0wlkcfitxd32kbhhtb0g,6
fht248tg97sas7c5yyq2,1pqvvf2jq9263p1fg2df,5
firrcmm9b4kmvq7pw4ga,5dlchqkt9zo3573ak303,15
fj0qpp2kssq7n4jofx5j,774wimncwm8xo30m0iyb,6
fji3jdv93h9mjskqf9em,84ojngxlxka3bsb1v2j5,9
flzzfq5he4tmlzj16td0,30403dvjyneiyqw6kuxl,8
fm53f7bygzx36slbpms9,9u0eo89bmgnkhfftab71,18
fmm2xb26qdzxjvq36ha6,1s50f536xb5m158pvwjc,5
fmol0jlanizktzx07ppp,1mhpiuty87118ek4rwlf,7
fn7hz2n872jueq18i94o,3lp6bvogkiw0b778ri7y,14
fnuetzxartit9eq10e6g,6onogy5vi5iqnpzhtqoj,8
fqx2a8utep79hcvtw3u0,6lflr13f71yyxdayhs8m,14
frjtg5vnn4zoe426asyy,1ejge1y8fxcg6j63iq99,9
fs5asrsuq1hza2j8dh8m,5l95j0dju09iiy0pa0yu,5
fv7nwqaw2hsgwzybnlnd,5dbds53mvd3fk28zrq47,9
fvuewkfmk4cl10677c6k,16lwoxy6phdzw9hsd6g6,16
fwdjqbkuy3sr62mkwlit,72l669tx3ycyvbrivz8v,15
fx6fnp13nr5twbmo2f2y,0gtx322qldjozqyea2hz,10
fym097dhosyecy5n2srf,8oprsskcqbg80fs18ct0,10
fyndc222v1pzb83q1kl8,60kyj5y1lfgofcmv0xt6,13
g2p1uzarffl5vos65gna,1ofu2gtwc4qq993utpmu,21
g39y0rqluue7luo1m8iq,024tbn1dqa5rcqwsf5hc,5
g51j6f65nklollmijd8q,1q3rff4wjqwk26jtjz4q,5
g5ftma903nxftko0tqqx,4dxi7ylr8qmjdqzabmkd,6
g5nbve3gsh5zdd577e8x,4dvmn8bcxly6q3qoa5yr,8
g7bnhhjbf5op5wzob1by,2duo9g9nxpw35bw6ujdz,11
g7wzzho8vgcxqp9h84v8,00ze73kctoplhxepskdo,10
g8wa6e6dgy67kw0q2n6b,09p1r1wu5lh6ykdo50sc,16
gc49ykzwm59w8rxngwl0,0u3y2ae2y5rvh5b2h6d5,7
gcraza9fwa70ebfho19l,0qb9jon3ldhvk9apo1oa,8
gd6a67v0lyiungckuv2j,1w9riqlf5lfpxzjjeh8i,15
gfj3hwwesov7wntndzt7,9ku3u2yhwj9dwg5au159,10
gjss9yv8ijrbuzq6efs9,4xi80kosyk5oehef53ks,10
gldwzy7yf5xmuk8ru67c,4b7h6m0y4rh9vsdvxba8,8
gm69j47kfcz4es7mbhcd,5yzbh73ofruhfskt5zrc,11
gmqp3o3c79g7jkek3koy,2et2gbwgb19mp6snolqz,6
gnbecm5w6g4o56d68luo,8gn4srfeigs2kahemnak,15
gnqye5lb9zbph7oe2v09,77bprt3h56w2v5lwa7u1,6
gr26ak46ob3n1ynzpbjf,61t0dks9u1hqxzrhwvo3,11
gr4by8dibs9vmi1zpv37,6kwbgf35nj05e1stoi0q,9
gtzmlsn8081nw41m7p0c,62gwr2gn43g28qyh2ip3,15
gu1jeula43un192w1r8d,6oqr5h29ya5xbr5rxwm4,16
gxbs82ozv474116tz6k9,3it9ngttmozbwxj9yvpv,7
gy202mlxfk7e2ujqd86y,63k6a4wotd36m0aromm3,11
gynksxk2q09e0wctzpcu,8drh3lxjllwm442osiyx,9
gzbddv7ysif4tn42uv5l,5x6wjncgb1pomrodw89e,13
h3f3dcgv6plj5fnoj5ay,3lp6bvogkiw0b778ri7y,10
h5m7ok4beu7f1yei9hqw,5p03rxgjiywvpio76l09,5
h7blje5p14vmbqrqp1lr,7jgayyay0eq4eoorp150,18
h9ignvudq60cfppwg07v,4xjct0h87obwcxaachqn,11
hc3nybqxewf4zy45lrgj,0cpg1qdxjfpizc80x2kc,11
hdo95n2da52ezutau6ky,5utl2pguo14jjsb3ziry,15
hdvm4kvsbm7erwjcydsz,2slnsq93d8dl96gw0v5q,4
hfd5i3at2t8b6b4l50oa,6yotiyu100pzus1fsinr,8
hfehu77q3a3l87rag3kb,0hccr0fagykgketjyl31,6
hi9y6f5k8219of6eaarx,2zuq6wijcghgqka33yjw,9
hist78nl0xng0ahclc30,7iq2xnmqd6s6tk6e2a8i,8
hjqiev3x84lqtxxam8kt,7sz0qu35p20swbsvbsny,10
hldgxreeyqs81p9c0u5p,9szx51gue1p3n0yi9v4x,12
hp9ejaqlu8j1nfxn9gda,5ctq7ezknne9gqdjgrtg,4
hq1vdnpk93f7dt5jm6db,09p1r1wu5lh6ykdo50sc,12
hs7xdfbu7zcqkcq47fjz,20wm889gm1pvt2plyjkv,4
ht38rtcrr9h200w10eut,8gn4srfeigs2kahemnak,14
htbixpr1dufmswyvudzz,8pd21o5x6pu2ok0blg37,4
htigt6eyr5b8dfb6yo94,4szyv2vjgdrnx68m31pr,7
htzyktj4ohuuyb4q9yhm,6oqr5h29ya5xbr5rxwm4,19
huhu5ru9tv5ti9knwmr7,2nwv0pumxh1p3ox5pnfq,9
hvdramy0o8qcl7z5ohyv,3qsd6ieyztyfb0tomfd9,8
hxyukrcic7qrl9cx7v1d,3pdk3aexzqej67fh7u5a,6
hy41uvvgtjsem5cs5k7q,1yelqtmdrx04j4v5ykut,3
i174nmd651jggga61rt8,2q2drs093yjxmf4j20td,13
i2wjvy0z7uj0rxlwuonu,2rls8e5gjf9litiy9o7x,9
i5injolm3m5ls0ctisqr,38qg2sk5r8rrr1imo1hh,10
i6zbf42fwc6hq6ck4lkx,5o6xna24zaopbckxo9dr,8
iac086h8ia52vpy06j3x,2r5upb0rfty0ys14yf77,9
ic73lepb37meedrk5unt,77wqkqhy7paymsnzzs55,5
icj8lgyvn8yfbzlzmo7h,4wafh98abjyijbmyxor4,8
icyd6i0m7g5akm1ibe2l,0tmz700dc3hibtyede7m,5
id8ayf6ohbefkuzgyr6u,1ro9l89tc5j8x7tllfj1,5
idg4dm6pwbbv5etn6nn6,6hxpdmn2ojpuyvjw6mjv,6
iif6u07pqtywu15wz5jh,6oqr5h29ya5xbr5rxwm4,13
ijuzozm9iy4qylno7c9l,42vhyz04501ftx3josf5,9
im4f9ja9zhwwm1nt444a,2d5vs1tdsj84qgmhieun,9
imhybblh9haxbq1er609,42vhyz04501ftx3josf5,14
in98669ce9zo2l65tync,6ao9hfo3t3sl2auiin5f,10
ipdip6atxhaptmtl9rxc,1q3rff4wjqwk26jtjz4q,17
ipg9fih7p15qsktopq2h,8uts8bpl8pqpuk7umbv5,11
iqd7t5tosqfldbzjjr4a,9scgdeajc88lkdmznawd,6
iskdwzef69dz0z092bz8,7nfcfjg6hpzjci11ph5g,10
itidnv2jwwoyxo2s30dm,0l4aotgnqho4bbi1kys0,6
ivcyd3tbgv4r02ju8etp,4goszeh4cozw11eg6txy,9
ivedn0slr8wyk7otmk8a,1b2mbumzge044vi33fmv,6
iwi6zbx2psbb71b8dg7z,4b7h6m0y4rh9vsdvxba8,9
ixwrrw6q9xfzub3t28eq,99qsjt0rqeiqp9q6d2yx,8
iyj5oo6hrem42oe2au4r,618mt8w569n8ab2wzh5j,12
iyr7z7rjdea4e4vazzkm,0ivymtf26q6x16mmnozi,6
j0ug41dxwv4ln9xnv0ln,3pr0liter87541tfj8io,7
j0zdfcp8o03eqwqdrzlu,16f7zscqd6mj72scetpe,7
j3dqita2zzjxju891a6b,21o5jgyi2oba0c4tt5lv,5
j43d33jihd873jdfx1xw,3c8ehev6906ol8sxg7h6,7
j46f30kpeywpd03s8q4o,1jlivbchkpdc6hm4jj1m,4
j4zel97k9e1xr4gtyfo9,0vfujgrffupyehvjk1qo,5
j6045yxuodvmdripee2d,1ouw7l2w24p2pp2zcipf,10
j6gvgu7ceandmz2vbd7z,32ddiwg4dwzgyitea5tq,5
j6lf7tyqnooms86v4mnx,1dv2m14q9xclj5qvdtk2,11
j6viw9prlpeefvm7ud9h,6hxpdmn2ojpuyvjw6mjv,10
j8blu0m918ajy2k9lce6,7izmimj61sskixix818n,11
j9dbjiqr9mt7idlmnycp,0u3y2ae2y5rvh5b2h6d5,11
j9fqzfpi3by9rhywavwg,1of78cmtxhyn5x19ubyy,4
j9kdmi9vzw3bojrnis90,1gupk51g7o0c9dhkiz6u,22
javyt0fgx2nvbiurirem,9ccvnsqaeye8szngcaw8,25
jb5nm7a79phf29zjzm3q,42vhyz04501ftx3josf5,11
jd6vtpcwdctrhaxt8wcl,8m1zzyo9sv901zn8l9fr,11
jdprl7oowp7dgywyl1d3,5jwlsb37l8z2o030xm9w,12
jejnino31bg9xerwckp8,0wsyc52rsyelewsaepn4,12
jfxlquf4tejwxx3fgcpz,079v5crgwcjlehd247fj,13
jin0rqo1o06dfjvpqxnp,0qzx049sy7uoe6x2y08h,22
jj9mfoaqaaezl19xztj6,5p03rxgjiywvpio76l09,10
jjklb6sosj41dxyzy1fu,1kkhwlp3jplyd92foyf8,13
jlxqojy4llv70qvshdyl,9nw7fsa0y3focri16gru,7
jm13g2mrq5fs2e79ekw5,0qypx80scmk9jpzplevx,16
jmpm1z0kas6sphuws9by,9vu5fbxh7vi3j2kaxfns,14
jmx786fess9jzh7lscms,01i4v33edldeqa9yygni,8
jmyvi74l9p9lopeetnhi,8j6n6t3g0g3z5fezk2ql,10
jnoongjm1yrbtlubu4zv,7nfcfjg6hpzjci11ph5g,9
jnouo2u38t17mzk565j2,3vof08xqdycqmh916o26,10
jo28jjgf1liv998kf10c,76d9uqxedfzpzpl8kasy,17
joad5m5buisshf854rcw,4py2sg6qo10i3cqa7zsr,8
joci4xqbveo7y1gwln1y,2hmksth16c7tna04dfdq,3
jogfer3bl1t7k3wlurhf,12h4lr3zxuagikpeo4pk,14
joohtw3b2zce8axapy3j,3k6y7e51qymloiu730tt,9
jqm1mm5t12rn8diezn5p,5birpnjak5aan4n082kl,11
jqtn3ra2m7zgxacbujth,59ut72gb2dtvcz8fx4wj,11
jrc5hncrdq2htq67bvim,32ptiah0vmcjq2vg88w5,6
jruigdawualhgashs38w,4miu4e6mkmmfrnruuq3u,7
jtrefi7nk4ig7kqfa27r,946pd5niyv8i05lf0zn2,13
jtsmwhg8ympovk98nll0,2r9clfh32tcfsslcw3k5,7
jwgt5p4wuzhofh599cqu,3fys5fiutlkv3741u2f6,13
jxxeph3ui5urd5npeipi,2ox4r291tdcdwk93fb4m,4
jz4go7jfe9tiicrtupz6,9hyzxln5nqbibo1ytloo,8
k0lx22ulv5feeiw42unf,5dlchqkt9zo3573ak303,8
k0x2xvh6omc4v8m51fbf,3xrjufe44vffuh5vse3m,12
k1lrxzz25vq5mlia34he,29i6kiluxwl00opvulcg,29
k1y6k9g5jzm7li6zu72r,0fok10wmvzyxhsr46wdz,6
k2da0zx5n8q5eovah6z5,1mm960fei6wfz5de05n7,12
k2yoqe6vjhph0vnymffx,0ttgndbfxswfuroas4ns,9
k3dlxcwek2pekjrdhll5,4wh0a1x2edwguxezv19r,9
k4rc6769geujv7fk6p2n,27oycvd7zb0xhw0pli7a,14
k55cqnjy54i24wttkhd2,76d9uqxedfzpzpl8kasy,16
k55kdlav8k2wh90mblum,00ze73kctoplhxepskdo,6
k7zhvayjwohrhmu1n5yd,0f1jqkhy4bfctaxejwwe,6
k7zxo5jdx8uh1aujm2t4,292ugxrua5588xp5obx6,8
k9uoml8fo8urlr85vdqt,4qflpvxpz8x2hshg8rwu,7
kbpftvg0ist251b9d0mc,22cvrn7y97z7ozmzmajq,10
kcunmcq8ghbhn9sobdyc,0gtx322qldjozqyea2hz,10
kdmp130zihvkfqiac4kx,15roeff04mnk49uf8a3b,9
kdskzb4qb1z9ftkxkzsd,5utl2pguo14jjsb3ziry,9
kfbiczup28w3shxd0tbn,1atdvmfoki3xrmnzwoud,7
kfbmdcaie3dbptfc769i,1qni1x8jp0cy6xx2klci,6
kgcprh13p9awjuzlxyay,16idu7j3gfk89od1o96q,9
khmlu15jnvkup82lnnnf,5jwlsb37l8z2o030xm9w,15
khqau03ofi3hq3n2svze,1l7xo5ge0i51xvlkfask,6
khtp6bx7cum00o4r8j18,01ovimpr7y7ngql511zs,8
kibqh7iaucczq5avrnms,0ytt1yuvq276fylkasul,7
kiy7f3pxxxtnmsdrxjlw,5knaasrbb5ca73jp1xe6,15
kkyewgqjy0frro4se7d9,46w8vlxsxu5pj15n09dz,7
kmgjy1ncfz6nd76e4l3b,0h7npi3rtlb744cv1ywt,9
kmy0gsu74419vwa3n09j,3864n6ttpq3bqe77p1ms,10
ko5ifjr3l1wfk0l2ek5b,6xzzj776fwvpxs4xmltm,15
kp32f0vgop210jdslcec,3ipeout51yug7my73cp6,11
kpaioo152kg1v3ewb6xz,76d9uqxedfzpzpl8kasy,13
kpdwwlo1gkd81cuoitmn,1jd6f01uforylmx7s3gw,12
kqa0bnf4l6uomaxh3zv1,9tgur88s6jm56en0om6m,8
kqazjlc94nadoss55bpr,07qtp8cqpb890g6kopqf,5
krhb29021q50gekqabkh,48ozq1tid0gfifxnrm56,13
kusfxb779rze4qm463qf,1ipbq0z27eb5s5xu5lx9,3
kvjysxhu4j6611qd6h8o,364fy3wm6r7m6vxt13g9,5
kx80h5dnyoz56z5i9sji,6lctdkghs6srathg8uwb,14
kxrspf469w61of4cg4aq,1cnbnlwyzngyqn9q9she,6
kxzqiolqextnc6dy0hxd,5lzoeg1dqbhl9aqcjwer,17
kyex76uz5j5zqgth3uhn,7bgwokmoqkvzv7oqn3qa,6
kzggswsphyota43q1xac,3hrlixeprzs70ok8ckzf,7
kzqu6ywc3rar5ua4rxv6,99i0kr16e183a39mww3c,18
l1iqf3v4z83aq1t3ddqn,4py2sg6qo10i3cqa7zsr,11
l4t68acdyk4id94bxac5,3vpqhvesvfet2sjba733,7
l795bf4gc5i4be2mrqhw,135phhbhro7mzwdhn05e,7
lb9nbl6fk7a0g12fsmu3,21gxjfrd6nesbinxm493,4
lbsled2j074rbol6t688,2am5i4psznr3fhy6mfq0,10
lcd7xrjp9hizegefxpx0,8vi94ebcpcvsheetsphj,5
le2oqbqlftvmvokumw31,9nw7fsa0y3focri16gru,7
lf30i38t8gua5rfcf9u0,4yhy9q0pqop4i7yllt75,8
libj9equod4gd4sg71gr,09p1r1wu5lh6ykdo50sc,15
lik8vc47i0yxmn6dmksn,732h0964mzjm7lo0x91x,5
lizxkakx25pc8tj4d1f8,8kuey211nnvls6x5eq8u,7
lk0in9ka20t04fo1yabz,6yhctt7vnyu32zsamheu,6
lk706yl8dp6ma2s93nln,1jlivbchkpdc6hm4jj1m,5
lkkcvhcg16cm6cwl9fus,4miu4e6mkmmfrnruuq3u,8
lkuro52yui9xrkhw7u3f,0f1jqkhy4bfctaxejwwe,12
lmf6mwy8dkx8zz93nmei,4py2sg6qo10i3cqa7zsr,12
lmhgqlhb9pbt4uj4wakh,0ub62fkk8hq44507k6lt,10
lnxm547i5y16z73f5rrl,0mmejcjev0o0x4ygkpb9,7
lo5nssznd7fv04s8klrz,1ye6q367t20u9pmlscke,6
loyk5msvvuhfqj14id3l,0cpg1qdxjfpizc80x2kc,7
lqsbx3f0iwtbhuuqqg5f,5rj3rjc43dt226fxav0c,4
lr0u2cat8ae2613cteae,0gtx322qldjozqyea2hz,16
lr8y84du350jdwh8vpnu,1a7220xfdwmobo7l7niy,5
lrg863ouirl7ixyf67us,41s3fngluzuiwcw3fmkx,8
ls5zc3dhh76idutuv1o1,3lp6bvogkiw0b778ri7y,16
lsl12b5fukn0vl4mddtf,4wafh98abjyijbmyxor4,7
luzn2as9isg990moin3e,61t0dks9u1hqxzrhwvo3,9
lw9h3nhrtl0vx4yb6ykl,3cx7ao72yujs4g9rs53z,8
lxijvcj24962kt7u44ol,3z5ck1gcd9dish14tjxo,7
lz9w33q7nun2bwtzxo3v,07svnbz26y8gsid84dhw,8
m1dcgry7pn2ccu2ye08f,056s15zbl6jwaw403pb0,4
m3p1ch2k9vewooap698f,56j2bgmjau9jwq1nxw8y,10
m52oei8t39qsc7vnabby,47xbky1nf67ehpdqug0s,11
m548048kqqgslx6qh5y4,1ouw7l2w24p2pp2zcipf,13
m5m98osk60dk3rroob15,72l669tx3ycyvbrivz8v,10
m802oyfwe2uhg7pu8yor,9myv0tvqlixwqvmopv7c,8
mbhe602qzkeiv1tatgiq,6smnekek9d7b05kklso7,8
mcszri6a81pmi7rgn8ie,00l4v3mzmlanugeehpp5,5
md5hmi7rkjf346k7dmq4,16lwoxy6phdzw9hsd6g6,12
mdnnhaskaugv23vqpx8t,6oqr5h29ya5xbr5rxwm4,13
mgal6wy3x4hfxsas4jnn,1tptxb6ko51i2vyi2l5z,17
mgupr1mdzvi9y7dzacx0,2q3fk0xdanntb8xsbs7m,4
mh5zdhybgie83gpwocqj,0lwl0dzjlghysrpn23g1,14
mib3mo8zu6qz9ilpaszq,1gxoardm74aiqgphabfp,10
mj2jmlan139furpdp7u2,3s2q9sk7nm9m4tfu5gng,8
mmf3lljzauitep9s9z3d,39rxdhi424qg5ep79lxp,10
mq6idb0jzdy85s2j1kev,2nia245ys0lgne9zsdtz,6
mqcp07ng0uwww0k2lbbz,2kzj68zwbdakchp1eh9q,10
mqz4iv49lbpdg56tv1zy,62gwr2gn43g28qyh2ip3,19
msd6fgngctcijmfzceko,31pq8k6f780zbuou521t,13
msim6asc8dbnljn2824t,5knaasrbb5ca73jp1xe6,20
mulsux8z4d1k74btjqml,0qzx049sy7uoe6x2y08h,20
muv4utnrfphfsnuq3ewz,0qb9jon3ldhvk9apo1oa,7
mvd9b7cpvfwvxxdg6n70,5dbds53mvd3fk28zrq47,13
mwoq9vht34iryvjmjx8f,9ccvnsqaeye8szngcaw8,16
mww1cj4l808ymlc66mud,3lw6g4hvnvserj9zw4gs,12
myd21sj851dn49vgmysc,3n4g9kkp9xtloir4xypy,4
n0ok1yuashcvzx3yaaa7,0jps7ig7r1zvte7aqh2c,4
n2avls3ylx63ihvmcvw6,81xhzlmg0303t1v0m54c,4
n3k0ey4mj5ov8rucz3nw,2s2d9zh24bttayi2iork,7
n3ygj31syi4zowhgq6ig,16idu7j3gfk89od1o96q,13
n4ezav9xgbwaqtn600lc,9v2aj1s8zn9kkwjwqxiq,6
n5t84xrlm1lrk5jzd47a,0d9tbkbl0dbafku80sbw,6
n6cvcu2ehx092gdrdder,5jl61p4pl2of7uqkm8qc,5
n8qhqtitn9i1lta45syp,8kuey211nnvls6x5eq8u,9
n9n7yijdp8vau1qffnx9,0ukklfgum3wpf3jvtr36,8
nah0ryk6xfszixhairbj,109su4kjhaofr6thh3x1,12
namox0dr3k00idd91cw1,42vhyz04501ftx3josf5,11
ncg7oipnp4qmvt42v679,2cdijvtwiflfyn28puw2,7
nefsdbfz60eh0p30vix8,3e7zlmpohfenl2z7v3w1,12
nf0lg8wlzd60pn2lyx75,0enax9uw4u8r8c7wjbrz,7
nh30ukomzrcfu4eia2z8,0c923cg0srz4u9aatbsv,11
nhlpwwm51mi7eb2e6md9,1nlnssbt00ve9m0v3hiw,14
njcidy59styritjtck5b,5uw41pfifliwb6jk5c8s,8
nk840up1qn573euzmsfl,8p5dc5murq4gfx62g282,6
nm0tjckba2gmv03gwq5x,92ec3oocdkd4szaw7ugd,16
nnal8wll7nvlq4pim0ic,1mm186jkp06mvkh8zc68,15
no6m4rs6c41b8frco61u,62gwr2gn43g28qyh2ip3,13
npobm3ia67fykq8pend6,96s8fkkv75drhniujy8w,11
nqfsdwguoj006ss7tgmk,341bbgopjj5azuyd5rh6,8
nqscx5voahe4owpwn3u1,00hrt9spzqkgasx8zgx9,12
nsen2x9sdpwntdkywbpp,7340iay5pcp1qp6mcwzr,7
nteeuxjvmlzo6hyujsgs,4cr18q6rj44i7w0d8ubl,7
ntkxy5dapw72ob4nhiyv,4qqn5w7iyushakkn12f7,10
nuxnj61xpaydb8qyreht,6gkprcefczowzeo833xb,19
nxyvd4hv1f6o3wvpqmtu,2hvhq8bc7ku6wud8jkqb,8
o5hsgfw6kk3qqxuh8pzx,4f706efhvnlv1q626nio,16
o60moo8069s5erqmnlow,48adw70tglhjp5r4tjx9,7
o7kn1t7yeisvhos8cp08,037f4qc4s1u9510ehce8,9
o7n9ve00yl07jfnlcb48,09p1r1wu5lh6ykdo50sc,14
o9f9wuoe23eraz53n5ly,9fip9zjugcp6sye8xnyj,7
o9tgbc4jahyovdoewjzd,2i6tn93x0bmv8ey8i306,8
o9u143b7n7ixk3no52sh,1xpfrqo42qlp1qb6mohr,5
o9vvgu0r89qicoqbms3k,1sgpr6zrztw5f4lmatby,6
oa4915qmrnwkri05inkb,30n1kvfea79qarjp35xq,7
oatyx794xxnmdp0fcyzt,0rinipzn11x2rj6gjsaf,6
obl3tuq8e7y15f2ogz62,5knaasrbb5ca73jp1xe6,18
obuppdpraov46zaq9zow,7jgayyay0eq4eoorp150,15
ofamt0n3qt74npongwek,7g9p51wc6uiypjj5jp1i,16
og0efmve7fw3w0klxv1e,5swm2g5oap7cz7aygy3r,8
oguppicbqkk4bafaksrc,56h0hit4ci8lt4ir3ovq,5
ogv17qjhpkn0ucoajfc5,3q8xiz14nph23waoxmnz,7
ohq7czglyb2nyvozh23s,3owoug21zmcce628ktec,12
oi9z0lytmrz58k29e7ri,42vhyz04501ftx3josf5,11
oiaha2c2yhmy7ekpttqc,97755l363vwpqjkl1b8s,8
okr8ehsxosyfm7k7xc3t,3ouxak4t07szwcj0vwvd,14
okwiga3t3cg4dxo10um8,0e49vytkx3ecxp0gjoi4,14
oodga7o336v3pkzlw2vc,02c2cqrn8xq480bgaljo,4
oq3hqgxqm2dgoaqrm2o9,09p1r1wu5lh6ykdo50sc,12
oqf1b7vrz8vbgqntui6f,5rgk7220znn1v667uwyx,8
otpuijzobmg54llvns0y,7y4psdagtcmb72gfjcxy,13
ou2py42i6qkzo5mrvrb3,49c9ixfs3f61ua13dp4g,4
ougo01hxdthtandpn8ux,5iwg7r4f696aoy67iry5,5
ow1g124l2i1eyqrsyryz,77ero46rt455jwf2tqjx,13
oycs7dvwkdtq3xycr4w8,601gzh8iuq825ssefxn0,9
ozsmfpkj7lf8s55ptyrm,1tptxb6ko51i2vyi2l5z,12
p0hvlj7tjr9dadgympg7,1lpwqo7qjrry7i1vbjcq,14
p0xnxznd17mztmdg1q2n,0ehkthe4djznh7qhgopj,7
p201hjlxm4uo4i7ku0hf,97755l363vwpqjkl1b8s,15
p2chds3t17ua2cmyobe8,76d9uqxedfzpzpl8kasy,11
p5vvyx41bues1g8naceg,24wkdxapufepbkfz8jo8,4
p942h10edpms52bl7x3x,1x0yc9eae9gazg6yjxjc,15
p95kfpp4lp5bbyd7toap,7pp33uuil7luo9al7noc,11
pb5ibw5akbb28i8ysn2j,14zjulafpt508y4u7mb5,5
pbojrridbakl1brbsvqw,2az0cjehg2b7r9mm1rub,8
pcpucj47b4cc70qvjf7t,1tptxb6ko51i2vyi2l5z,7
pe425kg0z5jyh92e9y2d,7l4hqxk1q2dtcr8ibk8t,10
pegfyxsqgak31fz4u1k0,3be5n9p9ucwhssqc3hgu,12
pf1hvjjxsyy09aefix7k,4wlgxb6ukseorr4jt5xd,7
pgkdylxct013iobocrgz,413xbmh6elbq5gdwn8im,4
pgmmm5hcw3yj4xfcd38f,5knaasrbb5ca73jp1xe6,12
pi0aaucpbrvnybcv5tfr,3cxp4tzdlqy6uasyifsx,6
pibreaif6u7pve6c1n14,9u0eo89bmgnkhfftab71,10
piu5683qihhcz2yh96rg,8uxm5ng7ij6ydwao506v,13
pkzzvcj5ww7z3g473qr0,5qxho8uwjjfufa4mtwzp,14
pmcib1ckd0htcy0340sj,3x2gxc34sec0btvefunj,18
pmjt79foyupocqa8dfj6,1axixsljlzljtdd8zbm7,18
pmmggcp8e05npsanrz7z,0c923cg0srz4u9aatbsv,12
pmqqrln7sopjhrzuw4do,7vrqvffixu9behhhc9zs,6
pnx8p2ar8z4preiacl9r,2ajtqkw752s2vb83xgrm,6
psfpv06vwsmljxa6qsl5,8xs8iyywvpbtd0gswbwk,17
psivagvr6cyiq9wtzjey,3x2gxc34sec0btvefunj,8
ptn2pgc5fk6kl4l12nqa,5zrutfbg0rlr9odp3r4f,13
pvtmb7agzl3g8pko54et,4xjct0h87obwcxaachqn,14
pwek64hx6d76wl8sx57o,3683a2y9qqa8mdg5zdvr,11
pwoklp8rc1zc0freidgv,63k6a4wotd36m0aromm3,14
pycb3rvce2waen67j0im,6g4iz5gjfxkrxpmce22j,12
q1q7sk4r5k8w62zf2cmv,9gbpnrczegy05u4jblmu,11
q28i54vibgnkpariy27k,8uxm5ng7ij6ydwao506v,15
q94fez9siokq1td3x6jf,16z6ydineka4tbhdcpr7,12
q9xx66s3vtmtd1wdq7mf,9cc1i3qhx3hbxfe2mbas,15
qahefawiy6g3jsacuqkh,4py2sg6qo10i3cqa7zsr,7
qeihtg6i3u1e3hf4nwhe,4py2sg6qo10i3cqa7zsr,12
qesou8jjsdm8wrq3g18x,3gs52dvfaw1nj36e888m,5
qf02z472y3c3oqj995t7,10hor13iccplce44y5k1,6
qfj6ty20bjmnaztnjisg,7xbeplmvm9xkhwxzpcvp,8
qg00qnideaivlv4aldab,10b1d94p3cxuft8fxelf,6
qh83rju6lchg0cdobh5u,1mm960fei6wfz5de05n7,5
qjsxqrzuu2mvh75fiukc,1gupk51g7o0c9dhkiz6u,10
qkgp84x7tto1h9miwjzb,9frr35c9f0dptols4rzb,14
qki587h7pi7hssxgyore,01vbl45jor3qqxeeg86g,7
qlgxhra9frgxjvi5wloo,25gnfdyfffpki0jyi21k,7
qnydyfkuqyvsmqkmiajn,16idu7j3gfk89od1o96q,9
qoitash8hs4hzaaz4kja,77bprt3h56w2v5lwa7u1,5
qpod4omufcomh6xvwhlb,3683a2y9qqa8mdg5zdvr,13
qr0y50qqoysmiffsexw4,65y6c44jv9j1tckwblnq,10
qrgbt2ewd8rmawmvgtcu,6onogy5vi5iqnpzhtqoj,10
qt7ba9gs2o27vxe2j53f,00ze73kctoplhxepskdo,3
qwjcaxgwm0lhq2831y4r,5lzoeg1dqbhl9aqcjwer,10
qxl6u49c6enyjhkvvw9n,9v2aj1s8zn9kkwjwqxiq,8
r0ek1tbckfx6a7iewnso,1vmi2furdloq7raf20l7,6
r2dfqliwlhco8j43yf24,3un5unnt543fq62obruh,5
r3997k4sxorw2bzk509a,3me1kqmya59o5ablk50q,7
r3exgwq84ijzsgis3uqi,1ti5pyvbe4jb3ivin13f,5
r4qs8jw7y8dkg4h2us1u,6oqr5h29ya5xbr5rxwm4,14
r5mzw874jan1si92dmm3,4s7jqxzy0wnrehk7ne42,4
r5uxcsc9gfzbnvn19avf,0a4y4pgoe1bbngl8qr2a,7
r5vkoeq4uexmmq042hx4,5utl2pguo14jjsb3ziry,10
r8fdv36zhtaa15gies3r,1pyl343b8erm1rmrc8au,7
rbb2fchr6nxd1wxx5cva,022tjxozawt3jrx0zqyv,5
rbkaxf3wddwd11qwe5wx,3lw6g4hvnvserj9zw4gs,6
rbr4qsg386myer2ud16c,7bwcuefza2r023d4zjwd,9
rbvn138og7t2o7vt6jd8,1yktqw9u32k75vct354m,4
rcox3a3bvl4g4si086un,8ep068xq5l6vju9y3v3n,24
rcxn25xjxo178ms9rpp0,1rgbiqk5hwm5aazm2z7p,4
rda3pah074friupy735r,7uudh8dblmovga66nue7,5
rg3f8tk0r9fzitmyr5fc,3lp6bvogkiw0b778ri7y,16
rgdoiz25fz1rj03ayl3y,9rgjgcbhy64mb551lhng,19
rkt53ctyenaebyjpe370,28kq70x7n3chm9vige70,6
rls4fnz76td2tjaufg4t,9jum6aagrsbdezje3k4x,23
rn1nigwztvkpd01w37q6,0gtx322qldjozqyea2hz,14
rnd8sx8mvwqxr8fevliu,0h7npi3rtlb744cv1ywt,9
rnmtuwpjqccsk4l5d7c2,33h6bcrta3laifwlb26t,9
ropliashitl36lgmit1r,42vhyz04501ftx3josf5,10
rpf04qxws717arh0e782,1404apobq0eeciawdjha,10
rrghra9zb73fzknb3ut0,16idu7j3gfk89od1o96q,10
rsavfhckioyrc1mno9il,6qcn0g6zqu3drh8492ku,12
rsjhebbiaqsko2m6va4e,8oprsskcqbg80fs18ct0,14
rt4mx68n7o4rzmhk0ydb,6oqr5h29ya5xbr5rxwm4,14
rxmr8rpq7jfnp5eag1yo,52p8320wyodyq54xzyj9,11
ryfn4arc3mlw10uedcys,00ze73kctoplhxepskdo,10
ryy2vz3z04r43ueib6mg,4wdg9osp1d7rec72v0u8,19
s25grvpcj4cgk6oqz842,4ejqu9ch8ahtxdh0k4h8,8
s36mo4bc2esyrwl73pen,0awom6c66iv8sth2ifr3,6
s37z3gvtgxvnihtu0ba9,037f4qc4s1u9510ehce8,9
s4pgyh6hd1bmnuf6x7n8,00uyhjxxyrm6p206v7kr,9
s4xho5zag61xnpv0xr2y,6hggcvs07sn9svtrw763,8
s55kzmo1ru9su476k75s,9ptx8b9ahvagxj8310bu,13
s8hdro2ycbk3bepd4u02,0gtx322qldjozqyea2hz,18
sanyr5njuhildg2cg317,8gsrzwl3w4912nmregkc,15
sbw2jngqbhvqplhbxe1u,31dhbgs3w3ch9hcnxyk9,8
sbwbz59onhzyc6hdnfxl,1si6k4bqczppq4ikcywq,8
sc3rph0cd08yq4ppgve8,7y4psdagtcmb72gfjcxy,17
sd66n8dkgtohn84n9h6j,92euawe1bnl8uogo5szb,7
see11ilnrgrmkimhza7j,37y0pjv9xaitluvd69ck,11
si4r7yu8rgdd9zn075gm,1ti5pyvbe4jb3ivin13f,5
sinoxui4xee4lt19x82o,18yqska70us3hpopp3t3,9
skln36g0hxqbqn61u88x,5ypldwo2a4x7aew30197,18
sl8r538z6mxavy5tu5y6,5knaasrbb5ca73jp1xe6,19
so7k3fsp7rzewvrrpijy,679edcer9d0hog12fx99,12
sr09aoonwx3tgebenwb2,65y6c44jv9j1tckwblnq,11
sr3lm2miwx6cwk7roifx,8ep068xq5l6vju9y3v3n,21
srcs16m7mhij0nmyhril,2d5vs1tdsj84qgmhieun,14
ssfaljd4zrcqx3bv385t,4zzb9nifsaj283cdzr55,13
su7s8en6bg0mp08vz8y5,8mjtrp7pfohszta3w3pu,8
sudsbl9636vzsz8gwy17,16idu7j3gfk89od1o96q,11
surjirvj1bn00khrpwew,1q3rff4wjqwk26jtjz4q,12
t36u0pflhnqzy3uijlj7,0awom6c66iv8sth2ifr3,6
t3zkh1epx1e2bzkfzwu5,0n0q5nl436za83qw2j0d,5
t8nukn8jeqouozyxci0k,1f6k0at5nfmhbj1a7gdo,7
t8sdrnolbdiwf39t0ppg,70gxm49wpdh5hs0f1a0d,5
tb1lknq4w4av5vryo2mz,96s8fkkv75drhniujy8w,7
tbfca0r5c0b687fio8yk,5knaasrbb5ca73jp1xe6,13
tbqosjut95go4w67xs4f,6faosmwgs8231icjyq3n,5
tbvw9tmgyn5f6r94wdva,76ufkeimwp2cpzfnlhnw,16
teiqln5c84yup0tbqz1j,3ido8yo51qvfwv9ggc4d,7
tfejpzjbcecgi27mk0xz,4q5vac3id4toh9et2ecm,8
tgfc886roj8fwb52jclv,3j9kpwod0gfgb28e78od,14
tgt4ctcflpu8ch8jkwcy,6d4tbwb0r9tcj3cvhlew,14
thhi1ldr2z4z0nkqdfin,5lu53x64c0lcfth5q5py,9
tic1v2zps85a0ugwceqa,1nal5hgwdwfqjfajp9dn,5
tj5rp3mezbtzz1fgf2vq,1entk2wxg3v526rui9lb,19
tj62we6r6c01dgyh3qsn,0c923cg0srz4u9aatbsv,9
tjnjqrjq45sdnvfjjbmg,1404apobq0eeciawdjha,14
tjqtgmeqwgradyk953po,2nwv0pumxh1p3ox5pnfq,7
tjzyujc0qqdb1zre4hz0,0k57lwmm8skai7yknmli,4
tk2129n9o3yy2vmhomu4,1l1j7rz6fahwlr67jtup,7
tkhvlh17rqs89pkemog8,12h4lr3zxuagikpeo4pk,14
tngdhomfznsr005ek0kw,8xs8iyywvpbtd0gswbwk,10
tnqo0ajiyncaeicszauf,25vgreidbj524u91b4ks,5
tqa9jrm6d5u358i8d0tp,9q6u341xhdkfyx8zxdem,7
trl7duiy9b51i02x78s3,0skrkxd7m2tpan91yt22,8
tu3ce5lafajmrw57gcb6,1ti5pyvbe4jb3ivin13f,7
tv8d1wqdeybnna5n2d68,3npp7bklg4tu89d0mk54,12
tvfsjbuc1e3di22waqv1,2nzrjzjgc7fnee6bpma1,5
tvv6jyopkk65o4peb2r7,6dejuthonwaaqss9w3l9,12
u003sled86vaq7h4ww8o,8xs8iyywvpbtd0gswbwk,14
u0zu7lmricfqnyqorb0s,7ho7ykohsw1gaapr35ce,13
u441sfjskfbj34u224eg,6c79q2gf75hg0v9qbygb,6
u52aj3g09n79dqaufb4i,52p8320wyodyq54xzyj9,9
u7cv0qinnbc2y32uozyb,9ptx8b9ahvagxj8310bu,8
u7n4ytjyapctev8v3l9h,8khqutav0ujaoz4tk9v2,9
u8j56edgsrxt515vt8pu,1qz5qzxoercffnr8bud7,24
u92os2ekv1t9ls3cl7y2,2r9clfh32tcfsslcw3k5,6
u9gvlnjtocycqoe9x4th,2bm2cqftrxtfs6a7nh05,10
uaqeumhgrr8yuwgnsfis,22x7hxvk4i0jre7qb72b,11
ubvr0pnuimyx56xr2yo9,6lflr13f71yyxdayhs8m,11
udmv8dowsede4aq7nqzg,39rxdhi424qg5ep79lxp,7
uhhe9j5chqsux780bpqy,8mxlraerdwgd1yju19o5,16
uhpcss45qy82efnz6uu2,0nv1lj0ykpu61uuao1qp,6
uigy022vrc38l0e7dt6u,9hyzxln5nqbibo1ytloo,7
uiq0eehtcjg5ezymbcvj,5c3z80m51dn7w85b478x,12
ukpfnfbvvau792krwj74,4py2sg6qo10i3cqa7zsr,14
ul0ejdefgcc61ltd9nge,7nfcfjg6hpzjci11ph5g,17
unce6onmibllfwy3aj3b,7izmimj61sskixix818n,16
up9rtbdqrovstubhoero,3l9ugw0zm64fxkgb7en1,9
upguf9a6kj4rtmk2kwuo,0ksauctvpnlrpazvzpcb,4
upuwbzt906wwdh4wdqc1,36ac8z2hp2qfdy8axpn0,10
ut0jxqf19krwm8adwos6,0jtft5h2galo4w7ja09k,11
ut5iw5hu1gov8qnha2pb,8sztdfo29bxtsg6klqsk,7
uug8jk5t93g9j6zfxaca,0c923cg0srz4u9aatbsv,14
uveaobrru2p1ydutv8vu,7jgayyay0eq4eoorp150,16
ux1fb30ie1jpwgkwt902,5dlchqkt9zo3573ak303,9
uxb4lg95g9f5t1oeygwn,9jum6aagrsbdezje3k4x,22
v35iys5knevf20nh3do9,22j1om9s60v47y18g7g1,10
v3efdnkthmwpp5wid8g3,70gxm49wpdh5hs0f1a0d,6
v3wsdqsmhsbtgqlfi6o5,8mxlraerdwgd1yju19o5,7
v4lsjsautvbuyvtiicdj,6smnekek9d7b05kklso7,12
v615xualxo2r6y9uyjb1,1n7swx1yq6fju53wpnkd,4
v6unapa0vggsbhuzvgfx,6xzzj776fwvpxs4xmltm,12
v8x6m5biq5t68uqf7zju,3e7zlmpohfenl2z7v3w1,10
va2nwi1vsej4dnwtodqu,3lw6g4hvnvserj9zw4gs,11
vd43s0xgrwahxhgkn09h,1nlnssbt00ve9m0v3hiw,11
vd588f1qg7uf5um7bj00,091w5kqhj66u7qjllh7o,9
vd5le3v9fpj6gaoecssd,948nwy02xzvbkqrt7i5u,12
vg2wa1whfpgwuiod7d1s,5gc6fztaqd62q48snhe6,6
vg4whnzkp4f4fgq50jp9,2bm2cqftrxtfs6a7nh05,8
vgbrxr53u80wh56m8v3b,3un5unnt543fq62obruh,8
vgpxoqzc8itelp8333h9,96s8fkkv75drhniujy8w,13
vhgxobgnqh6avh6ccay9,12n0c4876ei2oej0aswh,6
via412thoo8mimkm3cyg,5kcr8yp8nhkj4utzswl4,8
vjcl6z2289e6anqlui53,4pvyhho3add51yfkzxu5,15
vkfgsd23u15tkdchi22d,8gnbsh0l072nowq7lisr,16
vl9paamr6ru16x158322,0jps7ig7r1zvte7aqh2c,5
vlc4le1m86gxzbr6ek1f,92ec3oocdkd4szaw7ugd,18
vlsla7g3vip9tobriqhl,7oiuqza5rn285f10wgtj,8
vm3lggtysvmdrmg4qre8,54tft6wu7rbx8spdihdn,6
vmhyut82wctca2v942xj,0rrb4wvbpsae3lkt09bh,4
vmsad9dq017q1fshvnxz,5shn8oblppok9q2luloa,17
vn5xnosixcfq7n7ayn6d,1cvob2838n0nhtq2lfdi,9
vn9w2qp9tvfagv6df8yb,135phhbhro7mzwdhn05e,4
vocqxkgpgidnp8fzcebw,1sgpr6zrztw5f4lmatby,10
vqejj4xgrjk5qzes2g2t,1vt7segjr4qynmbp9tb5,8
vxoixj1gjskaj57qaoe1,94akl4d5343u5kwo3m9k,7
vy2tgu1fs6j8620ax9m6,07qtp8cqpb890g6kopqf,4
vygzdbgipbovuvmgctkp,1pnpnomiess1jjmj2ovo,7
w08ld8ri6bzwzkchevva,4isz514o26l4e0y0vndd,10
w2630wf5m95q2kxl0gyv,2e1w3edxh83mve9e1h5k,4
w2a4hpumywe4qj1fe16h,6q5sp04xpohy5n2arp14,7
w38eirdkelets7eqq47u,1br52pjpn5d7ifi43guy,5
w43otw6tyv9p4qb3d238,793a29e7rjny68xdsou1,7
w4xs05sn7xdc2i9v9a9z,027c433rmceadrngbm26,6
w5j274cf4xa4gm47yhoq,27oycvd7zb0xhw0pli7a,9
w64gas1acxtohqja7o9o,9rsyr33v023vohwr4gys,6
w6f92vd9l8sgsdmma5m4,37m0jwfy9xpdulppluhm,5
w8dv64et43afn5avvvxm,0zjh2olv8s0m37br0d4y,5
w9co9hgsy4nulojpuvfn,27oycvd7zb0xhw0pli7a,6
w9xs4f8balwk4r1deljl,0mmejcjev0o0x4ygkpb9,7
wa099dyuztut271yo1xf,48x33mnfwrdvge3fclie,10
wajecrl0zosz6mf5clak,7izmimj61sskixix818n,5
wc5zkxxfxsg68c2fvhjo,9apa4i7fblxax6j9dru5,14
wch5rkulq9lemd7obflm,92ec3oocdkd4szaw7ugd,12
wcm7t1ppvfnbn3brmk20,6dvrktk1q7wddiasd7te,7
wczojo8uwh9ksb4zvnf6,5o5z36zdxyuybvjsi7fl,4
wf7864bx0f95chgaq42t,2ndihory4vwuzacgncl4,7
wfxkp1lxqlxklw54hfly,6oqr5h29ya5xbr5rxwm4,15
wg815rxkw2dbt8iwc6yz,5tga8beuioau7jwgbg23,12
wifive5el0rh4jdiuu15,5knaasrbb5ca73jp1xe6,17
wilm6rzld04mc8xihrc9,16idu7j3gfk89od1o96q,9
wixtz6t1on6q6w4kjcgz,5jifidourk2io38r333t,7
wkd38vxcga51lx44a3u8,4znu396znd6lugks0tf6,17
wkidz2mhp5jtq29ws7yu,9218eph7gv8b7qsldh5y,5
wmdbp5542uq6y3hg4dnn,0skrkxd7m2tpan91yt22,8
wnrhwopt74jlwphj8rnf,5iptgx4v7g1uwafb7tpp,15
woq9g2tucxn1997b3rap,96s8fkkv75drhniujy8w,15
woup340wxwpli4rukiii,4jxpc16riem930w66kh0,4
wpl2zpi41dg6f4qin64n,2q2drs093yjxmf4j20td,12
wrjntvz5om8xxjmpng02,7y4psdagtcmb72gfjcxy,10
wyeqoyjsv0ahug6mv4hr,7pk7fl9x3gt08p1nl94h,9
wz0q2epoq15ebqxej994,4usie16qf0p21r1or3yx,4
wz87grjh1li13mtd37x8,4o4lbyn15jeyw9m1fdi5,5
wzc0ksqzzszm2b1uey1p,1ofu2gtwc4qq993utpmu,9
x5e4d4hwho3xji8sfjoa,7izqi9526da0mc92540p,5
x5ukderpdk4nfvos6axn,4py2sg6qo10i3cqa7zsr,11
x5x6a8e2scp13soi9cfj,345ytvvxi0ttd8jbvygg,12
x6a9y3b1m3hvkpblybvm,9apa4i7fblxax6j9dru5,17
x6mwtrj2gxz9e1jn5w34,2t1zu6hm9a74x3hx5jdq,6
x77x0noimm0zakso327c,2ndihory4vwuzacgncl4,6
x7nch02brn6vthvutlif,8q591mt5uwt8z9g4hjgs,15
x951d5o06vahy3gojo4a,41s3fngluzuiwcw3fmkx,5
x9q8f6k1yemqgv6wp10r,3l8nuq3jk92b190xezzz,14
xacfd9w2qgzew6lyf9x2,76qi1akq3hjojwmhthtn,10
xc6q7r47ra0gmmqevqi4,6xzzj776fwvpxs4xmltm,15
xib614ir8nrtoumlrfxc,079v5crgwcjlehd247fj,14
xiibsijqp13zi3mwtgdl,3k6y7e51qymloiu730tt,7
xjhtrdze32tiirrvz95c,3owoug21zmcce628ktec,9
xludw6e92dgq9bcdx0f1,4wknua9uajrqbyi8navf,6
xm4yw5w2p353gqh1s5kf,9fsz5sqhjv4eyq7ztpt7,6
xnz1xjeuh12261j1o58y,4lvu4sfd30ovsrj1h8qd,12
xo1xkea3j6nw5l3rm0z3,7zyjg5vxwfkbgcibpq2c,7
xo8irhnofs1okcblqid0,0skrkxd7m2tpan91yt22,6
xoc09ol99d6jvfra2uy0,4n45hj71sb4ikj38sl0j,6
xphhojycz0hh1fgdky6a,8mjtrp7pfohszta3w3pu,7
xptsnx6710up2k5fznzp,1ti5pyvbe4jb3ivin13f,6
xpybrb16dauxwcpjucu2,345ytvvxi0ttd8jbvygg,18
xqdvckejdprs5fxm5wec,1q3rff4wjqwk26jtjz4q,7
xqruqatajrpza5jwf86q,28u6bch6zhlxkhg5vpsc,6
xvigu5fw19vkmr3e0g9j,8sztdfo29bxtsg6klqsk,7
xw3h51yxh0h1r7yrtpv3,2r9583c4k9e2j5rlv6z0,11
y0lyuky4epjpdadsrdqz,0h7ynkcsvc5rwfsp72xm,5
y1atkokpqkyt9q7ca9i2,3un5unnt543fq62obruh,5
y2sp3tm0enk1tbkxpyu3,985qlh3uvr17j9uzss8w,7
y4l0348wsjaooeoj3rgk,8lukp8c6r89p7fja4i3v,7
y5923l4gqpu717sa6flg,2txor638umvtfh0x7bei,13
y5o0eiisv44jfa61tlfu,091w5kqhj66u7qjllh7o,7
y7ykixeijok7vrrhcxi7,62gwr2gn43g28qyh2ip3,16
yaw6nppuzc9hp7pg3vw5,16idu7j3gfk89od1o96q,11
ydo7bgd706tm3fmh486a,7g9p51wc6uiypjj5jp1i,18
yglx0prdcl0nwc2kgr4s,1jlivbchkpdc6hm4jj1m,5
ynm70ufw38tfmdvfyi6o,09p1r1wu5lh6ykdo50sc,16
yo75br2oste5xlqyujr9,12n0c4876ei2oej0aswh,5
ypg9sbrdhu7yxj9sfegg,09p1r1wu5lh6ykdo50sc,6
yrillnv8vac6pj8auz86,3864n6ttpq3bqe77p1ms,11
ystxmhcyiyx54k0075he,4xi80kosyk5oehef53ks,11
ytty0atpxisyigdk4oo0,3864n6ttpq3bqe77p1ms,14
ytwu5lfd162f7oh38wyp,3zcrfp7079peg6io7euc,7
yv5p7y13ern2gt0ybq2u,8pb0i12aspuld0gr39hz,12
yx5btm5ttler5iuurr1y,3x2gxc34sec0btvefunj,13
yybphmaxn03dvqyktmy6,10hor13iccplce44y5k1,7
yzd6cp98ly56oirmirjf,9e4ycevwc8zkca9cj1yb,7
yzqkpi7hdunqa3yo1lw1,0c923cg0srz4u9aatbsv,9
z3vp51vh506nqhm72iwk,0h7npi3rtlb744cv1ywt,5
z4bl41c645yevqscx83e,005pbzx0w05ck59rnww5,4
z6n5kdq26tj4f7wrs557,37ku8eq0oao0khzih6rl,11
z74j8v8c2qko8nnstr5r,2lb35n09063rvm8wisor,7
z965hgkfxzhgi8ztc55w,946pd5niyv8i05lf0zn2,11
za8ihs0gurp8xvdtj2kx,8sztdfo29bxtsg6klqsk,8
zc3onrcuutfyonymjadg,6oqr5h29ya5xbr5rxwm4,10
zccoapamyyujv585j6l3,381vzc2k1w02ckh3fks5,14
zcfzw6tijjkb4u0el7u0,3vnf1dk257im2mtovtry,11
zciyj3j1y357hmns6vv3,7ck33xzqvso8r91lzoss,8
zd6ye2c3k9u8n5zixfan,2s2d9zh24bttayi2iork,9
zed035kwhw1lb44ukhj5,8ep068xq5l6vju9y3v3n,18
zfec09xpv18537dj4bzo,90q3mtvltthfteiqg29y,7
zfi640rzf8fkc5ma39kb,9bbiy5ua7bu0uld792qh,8
zgbg4kd97spt7k9xv1th,9jum6aagrsbdezje3k4x,20
zglrbydxwd00pda55ohc,5mzr6iweb3dacyzrw4yh,16
zh5g2dcmqi2aznj691pr,11m57tr5wybfm1i48tkj,7
zh6eelvdx81s0rvsca6u,6ljoquiv02d64fpm8w9a,12
zhg1hpnled8h8o2xgfhp,1tvolvmhaaaejzc9v0ys,6
zk54im8avhy9cblo6qj5,4f706efhvnlv1q626nio,17
zlgk1t0vcmdh7p72z9mf,0m98pyimq0g41crqnvdr,16
zm0te1l427kjhsawpnjs,3z5ck1gcd9dish14tjxo,8
zmc0ik32ld0ep0930z5n,1q3rff4wjqwk26jtjz4q,8
zml1wv5d4cthz2k3db7k,6xew5vbdacv06x9w6h7y,13
zmmp4gjl0rt9qre1fxmg,8gqwhhtpw5flad4keze2,11
zn21wt6nrj89lpxd9m99,16pil76aez75b39rawfp,8
zpebxf10cg3iham8tg1k,579hur4ot1xrm4nirf63,5
zpz9wgljs177kz2ewcd5,8107b016dsxmnjlzi4lk,8
zrsysgr0rzkk14jv2mm4,4lroga5qqknxbe35vj7j,9
ztazj8ylgj8asfj06d25,1404apobq0eeciawdjha,16
ztorrj52t3o1soit1wj0,57395rn9utxy3jc6s6wd,6
zzfgeb8w1ihmmrolb216,63zdz17bu6hw67bhabns,5
zzgvlnxdf0zvk3j5e95t,3lp6bvogkiw0b778ri7y,11
